{
  "name": "windowing-system",
  "title": "Windowing System",
  "description": "Windowing System",
  "version": "0.0.1",
  "author": "bmarian",
  "esmodules": [
    "windowing-system.js"
  ],
  "styles": [
    "windowing-system.css"
  ],
  "minimumCoreVersion": "0.6.6",
  "compatibleCoreVersion": "0.6.6",
  "url": "https://github.com/bmarian/windowing-system",
  "manifest": "https://raw.githubusercontent.com/bmarian/windowing-system/master/src/module.json",
  "download": "https://github.com/bmarian/windowing-system/raw/master/package/windowing-system-v0.0.1.zip",
  "changelog": "https://github.com/bmarian/windowing-system/releases"
}